{
  "results": [
    {
      "section": "Motivation at Work",
      "raw": [],
      "calculated": {
        "Intrinsic": "",
        "Identified": "",
        "Introjected": "",
        "External Motivation": ""
      }
    },
    {
      "section": "Entrepreneurial Passion",
      "raw": [],
      "calculated": {
        "Inventing": "",
        "Founding": "",
        "Developing": "",
        "Total": "",
        "Average": ""
      }
    },
    {
      "section": "Passion Scale",
      "raw": [],
      "calculated": {
        "Harmonious Passion": "",
        "Obsessive Passion": ""
      }
    },
    {
      "section": "Individual Entrepreneurial Orientation",
      "raw": [],
      "calculated": {
        "Risk Taking": "",
        "Innovativemness": "",
        "Proactivity": "",
        "Total": "",
        "Average": ""
      }
    },
    {
      "section": "Entrepreneurial Self-Efficacy",
      "raw": [],
      "calculated": {
        "Searching": "",
        "Planning": "",
        "Marshaling": "",
        "Implementing-people": "",
        "Implementing-financial": "",
        "ESE Average": "",
        "ESE Total": "",
        "Attitude toward venturing": ""
      }
    },
    {
      "section": "Cognitive Flexibility",
      "raw": [],
      "calculated": {
        "Total": "",
        "Average": ""
      }
    },
    {
      "section": "Empathy",
      "raw": [],
      "calculated": {
        "Total": "",
        "Average": ""
      }
    },
    {
      "section": "Need to Achieve",
      "raw": [],
      "calculated": {
        "Total": "",
        "Average": ""
      }
    },
    {
      "section": "Grit",
      "raw": [],
      "calculated": {
        "Total": "",
        "Average": ""
      }
    },
    {
      "section": "Growth Orientation",
      "raw": [],
      "calculated": {
        "Total": ""
      }
    },
    {
      "section": "Growth Mindset",
      "raw": [],
      "calculated": {
        "Total": "",
        "Average": ""
      }
    },
    {
      "section": "Tolerance for Ambiguity",
      "raw": [],
      "calculated": {
        "Average": ""
      }
    },
    {
      "section": "Resilience",
      "raw": [],
      "calculated": {
        "Average": ""
      }
    },
    {
      "section": "Fear of failure",
      "raw": [],
      "calculated": {
        "Ability to fund the venture": "",
        "Potential of the idea": "",
        "Threat to social esteem": "",
        "Opportunity costs": "",
        "Personal ability": "",
        "Financial security": "",
        "Venture's Capacity": "",
        "Total": "",
        "Average": ""
      }
    },
    {
      "section": "Relatedness",
      "raw": [],
      "calculated": {}
    },
    {
      "section": "Imposter Syndrome",
      "raw": [],
      "calculated": {
        "Total": "",
        "Average": ""
      }
    },
    {
      "section": "The Big Five",
      "raw": [],
      "calculated": {
        "Extraversion": "",
        "Agreeableness": "",
        "Conscientiousness": "",
        "Neuroticism": "",
        "Openness": "",
        "Total": "",
        "Average": ""
      }
    },
    {
      "section": "Satisfaction",
      "raw": [],
      "calculated": {}
    },
    {
      "section": "Psychological Wellbeing",
      "raw": [],
      "calculated": {
        "Autonomy": "",
        "Environmental Mastery": "",
        "Personal Growth": "",
        "Positive Relations with Others": "",
        "Purpose in Life": "",
        "Self-Acceptance": "",
        "Total": "",
        "Average": ""
      }
    }
  ]
}
